Label,Text
1,This product is amazing and works perfectly!
0,Terrible experience with horrible customer service
1,I love how easy it is to use this
0,Don't waste your money on this junk
1,Great quality and fast delivery
0,Completely disappointed with the product
1,Works exactly as advertised, very happy
0,Poor quality and broke after one week
1,The best purchase I've made this year
0,Awful product that doesn't work at all
1,Super impressed with the performance
0,Would not recommend to anyone
1,Exceeded my expectations in every way
0,Frustrating and difficult to use
1,Customer service was outstanding
0,Save your money and buy something else
1,Perfect solution for my needs
0,Missing essential features
1,Very pleased with this purchase
0,Regret buying this product
1,Great value for the money
0,Quality control issues everywhere
1,Highly recommend this to everyone
0,Waste of time and money
1,Exceptional quality and craftsmanship
0,Constant problems and bugs
1,Brilliant design and execution
0,Failed to meet basic requirements
1,Everything works flawlessly
0,Poorly designed and implemented
1,Very intuitive and user-friendly
0,Overpriced for what you get
1,Reliable and consistent performance
0,Many defects out of the box
1,Top-notch product and support
0,Software crashes frequently
1,Makes my work so much easier
0,Not worth the hassle
1,Feature-rich and well-designed
0,Complicated and confusing interface
1,Saved me so much time
0,Technical support was unhelpful
